id,label,pid
1,0,100360
2,0,100360
3,0,100360
4,0,100360
5,0,100360
6,0,100572
7,0,100572
8,0,100572
9,0,101016
10,0,101016
11,0,101016
12,0,101016
13,0,101016
14,0,101016
15,0,101016
24,0,102420
25,0,102420
26,0,102446
27,0,102675
28,0,102714
29,0,102714
30,0,102714
31,0,102714
32,0,102929
33,0,102929
34,0,102935
35,0,102985
36,0,103673
37,0,103673
38,0,103673
39,0,103673
40,0,103673
41,0,103673
42,0,103925
43,0,103925
44,0,103925
45,0,104167
46,0,104167
47,0,104167
48,0,104167
49,0,104281
50,0,104281
51,0,104281
52,0,104281
53,0,104281
54,0,104281
55,0,104281
56,0,105374
57,0,105374
58,0,105555
59,2,58392
60,0,105937
61,0,105937
62,0,106284
63,0,106284
64,0,106284
65,0,106284
66,0,106284
71,0,106534
72,0,106534
80,0,106720
81,0,106720
82,0,106720
83,0,106720
84,0,106720
85,0,106720
86,0,106720
87,0,106914
88,0,106914
89,0,106914
90,0,106914
93,0,107248
94,0,107248
95,0,107248
96,0,107248
97,0,107248
98,0,107248
99,0,107494
100,0,107494
101,0,107494
102,0,107494
103,0,107494
104,0,108514
105,0,108514
106,0,108514
107,0,108514
108,0,108514
109,0,108514
110,0,108514
113,0,108590
114,0,108590
124,0,110116
125,0,111077
126,0,111077
127,0,111077
128,0,111366
129,0,111366
130,0,111366
131,0,111366
135,0,112002
136,0,112002
137,0,112002
138,0,112002
144,0,112552
145,0,112552
146,0,112552
147,0,112552
148,0,112552
149,0,112552
150,0,112552
151,0,112648
152,0,112648
153,0,112648
154,0,113435
155,0,113435
156,0,113435
157,0,113435
158,0,113435
159,0,113435
160,0,113554
161,0,113554
162,0,113554
163,0,113805
164,0,114018
165,0,114018
166,0,114018
167,0,114018
168,0,114018
169,0,114359
170,0,114359
171,0,114359
172,0,114359
173,0,114359
174,0,114359
175,0,97607
176,0,97607
177,0,97607
178,0,97607
179,0,97607
180,0,97737
181,0,97737
182,0,97737
183,0,97737
184,0,97875
185,0,97875
186,0,97875
198,0,99017
199,0,99017
204,0,99308
205,0,99308
206,0,99308
207,0,99308
208,0,99308
209,1,100820
210,1,100820
211,0,100360
212,0,100360
213,0,100360
214,0,100360
215,0,100360
216,0,100360
217,0,100360
218,0,100572
219,0,100572
220,0,100572
221,0,101016
222,0,101016
223,0,101016
224,0,101016
225,0,101016
226,0,101016
236,0,102420
237,0,102420
238,0,102420
239,0,102446
240,0,102675
241,0,102675
242,0,102714
243,0,102714
244,0,102714
245,0,102714
246,0,102929
247,0,102929
248,0,102929
249,0,102929
250,0,102929
251,0,102929
252,0,102935
253,0,102985
254,0,103673
255,0,103673
256,0,103673
257,0,103673
258,0,103673
259,0,103673
260,0,103673
261,0,103925
262,0,103925
263,0,103925
264,0,103925
265,0,103925
266,0,103925
267,0,103925
268,0,103925
269,0,104167
270,0,104167
271,0,104167
272,0,104167
273,0,104167
274,0,104167
275,0,104281
276,0,104281
277,0,104281
278,0,104281
279,0,104281
280,0,104281
281,0,105374
282,0,105374
283,0,105555
284,0,105555
285,0,105555
286,0,105937
287,0,105937
288,0,105937
289,0,105937
290,0,106284
291,0,106284
292,0,106284
293,0,106284
297,0,106534
298,0,106534
304,0,106720
305,0,106720
306,0,106720
307,0,106720
308,0,106720
309,0,106720
310,0,106720
311,0,106914
312,0,106914
313,0,106914
314,0,106914
316,0,107248
317,0,107248
318,0,107248
319,0,107248
320,0,107494
321,0,107494
322,0,107494
323,0,107494
324,0,107494
325,0,107494
326,0,108514
327,0,108514
328,0,108514
329,0,108514
330,0,108514
331,0,108514
334,0,108590
335,0,108590
345,0,110116
346,0,110116
347,0,110116
348,0,110116
349,0,111077
350,0,111077
351,0,111077
352,0,111077
353,0,111366
354,0,111366
355,0,111366
356,0,111366
362,0,112002
363,0,112002
364,0,112002
365,0,112002
372,0,112552
373,0,112552
374,0,112552
375,0,112552
376,0,112552
377,0,112552
378,0,112552
379,0,112648
380,0,112648
381,0,112648
382,0,113435
383,0,113435
384,0,113435
385,0,113435
386,0,113435
387,0,113435
388,0,113435
389,0,113435
390,0,113554
391,0,113554
392,0,113554
393,0,113805
394,0,113805
395,0,114018
396,0,114018
397,0,114018
398,0,114018
399,0,114359
400,0,114359
401,0,114359
402,0,114359
403,0,114359
404,0,114359
405,0,97607
406,0,97607
407,0,97607
408,0,97737
409,0,97737
410,0,97737
411,0,97737
412,0,97737
413,0,97737
414,0,97875
415,0,97875
416,0,97875
417,0,97875
430,0,99017
431,0,99017
438,0,99308
439,0,99308
440,0,99308
441,0,99308
442,0,100360
443,0,100360
444,0,100360
445,0,100360
446,0,100360
447,0,100360
448,0,100572
449,0,100572
455,0,101016
456,0,101016
457,0,101016
458,0,101016
459,0,101082
460,0,101082
474,0,102420
475,0,102420
476,0,102446
477,0,102446
478,0,102675
479,0,102675
480,0,102714
481,0,102714
482,0,102714
483,0,102714
484,0,102714
489,0,102935
490,0,102960
491,0,102960
492,0,102960
493,0,102960
494,0,102960
495,0,102985
496,0,103673
497,0,103673
498,0,103673
499,0,103673
500,0,103673
501,0,103925
502,0,103925
503,0,103925
504,0,103925
505,0,104167
506,0,104167
507,0,104167
508,0,104167
509,0,104167
510,0,104281
511,0,104281
512,0,104281
513,0,104281
517,0,105374
518,0,105555
519,0,105555
520,0,105937
521,0,105937
522,0,105937
523,0,106284
524,0,106284
525,0,106284
526,0,106284
530,0,106534
531,0,106534
532,0,106592
540,0,106720
541,0,106720
542,0,106720
543,0,106914
544,0,106914
545,0,106914
546,0,106914
547,0,106914
548,0,106914
549,0,106914
551,0,107248
552,0,107248
553,0,107248
554,0,107248
555,0,107248
556,0,107494
557,0,107494
558,0,107494
559,0,107494
560,0,107946
561,0,107946
562,0,107946
563,0,107946
564,0,108514
565,0,108514
566,0,108514
567,0,108514
568,0,108514
571,0,108590
572,0,108590
577,0,109350
578,0,109350
584,0,110808
585,0,110808
586,0,111077
587,0,111077
588,0,111077
589,0,111366
590,0,111366
591,0,111366
592,0,111366
596,0,111696
597,0,111710
598,0,111710
599,0,112002
600,0,112002
601,0,112002
602,0,112002
608,0,112552
609,0,112552
610,0,112552
611,0,112552
612,0,112552
613,0,112552
614,0,112552
615,0,112648
616,0,112648
617,0,112648
618,0,112648
621,0,113098
622,0,113098
623,0,113098
624,0,113098
625,0,113435
626,0,113435
627,0,113435
628,0,113435
629,0,113435
630,0,113435
631,0,113554
632,0,113554
633,0,113554
634,0,113554
635,0,113614
636,0,113614
637,0,113614
638,0,113614
639,0,113805
642,0,114018
643,0,114018
644,0,114018
645,0,114018
646,0,114018
647,0,114018
648,0,114359
649,0,114359
650,0,114359
651,0,114359
652,0,114359
653,0,114359
654,0,114359
655,0,114417
656,0,114417
657,0,114417
658,0,114417
659,0,97374
660,0,97374
661,0,97374
662,0,97374
663,0,97374
664,0,97607
665,0,97607
666,0,97607
667,0,97607
668,0,97737
669,0,97737
670,0,97737
671,0,97737
672,0,97737
674,0,97875
686,0,99017
687,0,99017
693,0,99162
694,0,99162
695,0,99162
697,0,99308
698,0,99308
699,0,99308
700,0,99308
701,0,99308
702,0,99308
703,0,99815
704,0,99815
705,0,99815
706,0,99815
707,0,99815
708,0,99815
709,2,105936
710,2,105936
711,2,105936
712,2,106062
713,2,106062
714,2,106062
715,1,100820
716,1,100820
717,1,100820
718,1,101020
719,1,101020
720,1,101020
721,1,101020
740,1,112105
741,1,112105
742,1,112105
743,1,112105
744,1,112105
745,1,112105
746,1,112105
747,1,100820
748,1,100820
749,1,100820
750,1,100820
751,1,100820
752,1,100820
753,1,101020
754,1,101020
755,1,101020
756,1,101020
757,1,101020
758,1,101020
759,1,101020
760,1,101020
779,1,112027
780,1,112027
781,1,112105
782,1,112105
783,1,112105
784,1,112105
785,1,112105
786,1,112105
787,1,112105
788,1,112105
789,1,112105
790,1,112105
791,1,112105
799,1,90284
800,1,90284
801,1,90284
802,1,90284
803,1,90284
804,1,90284
805,1,90284
806,1,90284
807,1,92897
808,1,92897
809,1,93825
810,1,93825
811,1,93825
812,1,97609
813,1,97609
814,1,97609
815,1,97609
816,1,97609
817,1,97609
818,1,100416
819,1,100416
820,1,100416
821,1,100416
822,1,100820
823,1,100820
824,1,100820
825,1,100820
826,1,100820
827,1,100820
828,1,101020
829,1,101020
830,1,101020
831,1,101020
832,1,101020
833,1,101020
834,1,101384
835,1,101384
836,1,101384
859,1,112105
860,1,112105
861,1,112105
862,1,112105
863,1,112105
864,1,112105
870,1,90284
871,1,90284
872,1,90284
873,1,90284
874,1,90284
875,1,90284
876,1,90284
877,1,90284
878,1,90284
879,1,90284
880,1,90284
881,1,92897
882,1,92897
883,1,93329
884,1,93329
885,1,93329
886,1,93329
887,1,93329
888,1,93825
889,1,93825
890,1,93825
891,1,93825
892,1,94731
893,1,94731
894,1,94731
895,1,95142
896,1,95142
897,1,95142
898,1,95142
899,1,95142
900,1,95142
901,1,95142
902,1,95142
903,1,95142
904,1,96587
905,1,96587
906,1,96587
907,1,96587
908,1,97609
909,1,97609
910,1,97609
911,1,97609
912,1,98889
913,1,98889
914,1,98889
915,1,98889
916,1,98889
917,1,98889
918,2,105936
919,2,105936
920,2,105936
921,2,105936
922,2,106062
923,2,106062
924,2,106062
925,2,106062
933,2,107429
934,2,107429
935,2,107429
936,2,107429
937,2,107429
938,2,107429
939,2,107505
940,2,107505
941,2,107505
942,2,107505
943,2,107505
944,2,107505
945,2,107505
950,2,108858
951,2,108858
952,2,108858
953,2,108858
954,2,108858
955,2,108931
956,2,108931
957,2,108931
958,2,109471
959,2,109471
960,2,109471
961,2,109471
962,2,109769
963,2,109769
964,2,109769
965,2,109769
966,2,109898
967,2,109898
968,2,109898
969,2,109898
970,2,109898
971,2,109898
976,2,110993
977,2,110993
978,2,110993
979,2,110993
980,2,111075
981,2,111075
982,2,111075
983,2,111075
984,2,111075
985,2,111075
986,2,111125
987,2,111125
988,2,111125
989,2,111125
990,2,111785
991,2,111785
992,2,111785
993,2,111785
994,2,112074
995,2,112074
996,2,112074
997,2,112074
998,2,112649
999,2,112649
1000,2,112649
1001,2,112649
1002,2,112649
1003,2,112746
1004,2,112746
1005,2,112746
1006,2,112847
1007,2,112847
1008,2,112847
1009,2,112847
1010,2,113274
1011,2,113274
1012,2,113274
1015,2,114040
1016,2,114040
1017,2,114040
1018,2,114361
1019,2,114361
1020,2,114361
1021,2,114094
1022,2,114094
1023,2,114094
1024,2,114094
1025,2,101017
1026,2,101017
1027,2,101017
1028,2,101017
1029,2,101017
1030,2,101029
1031,2,101029
1032,2,101029
1033,2,101029
1034,2,105936
1035,2,106062
1036,2,106062
1037,2,106062
1038,2,106062
1039,2,106062
1040,2,106062
1041,2,106062
1047,2,107429
1048,2,107429
1049,2,107429
1050,2,107429
1051,2,107429
1052,2,107429
1053,2,107429
1054,2,107505
1055,2,107505
1056,2,107505
1057,2,107505
1058,2,107505
1065,2,108858
1066,2,108858
1067,2,108858
1068,2,108858
1069,2,108858
1070,2,108931
1071,2,108931
1072,2,108931
1073,2,108931
1074,2,108931
1075,2,108931
1076,2,108931
1077,2,109471
1078,2,109471
1079,2,109471
1080,2,109471
1081,2,109471
1082,2,109471
1083,2,109769
1084,2,109769
1085,2,109769
1086,2,109769
1087,2,109769
1088,2,109898
1089,2,109898
1090,2,109898
1091,2,109898
1092,2,109898
1093,2,109898
1107,2,110993
1108,2,110993
1109,2,110993
1110,2,110993
1111,2,110993
1112,2,111075
1113,2,111075
1114,2,111075
1115,2,111075
1116,2,111075
1117,2,111075
1118,2,111125
1119,2,111125
1120,2,111125
1121,2,111125
1122,2,111125
1123,2,111125
1124,2,111785
1125,2,111785
1126,2,111785
1127,2,111785
1128,2,111785
1129,2,112074
1130,2,112074
1131,2,112074
1132,2,112074
1133,2,112074
1134,2,112649
1135,2,112649
1136,2,112649
1137,2,112649
1138,2,112649
1139,2,112649
1140,2,112746
1141,2,112746
1142,2,112746
1143,2,112746
1144,2,112847
1145,2,112847
1146,2,112847
1147,2,112847
1148,2,113274
1149,2,113274
1150,2,113274
1154,2,114040
1155,2,114040
1156,2,114040
1157,2,114361
1158,2,114361
1159,2,114361
1160,2,114361
1161,2,114094
1162,2,114094
1163,2,114094
1164,2,114094
1165,2,114094
1166,2,105936
1167,2,105936
1168,2,105936
1169,2,106062
1170,2,106062
1171,2,106062
1172,2,106062
1173,2,106062
1174,2,106062
1175,2,106062
1182,2,107429
1183,2,107429
1184,2,107429
1185,2,107429
1186,2,107429
1187,2,107429
1188,2,107429
1189,2,107505
1190,2,107505
1191,2,107505
1192,2,107505
1193,2,107505
1198,2,108858
1199,2,108858
1200,2,108858
1201,2,108858
1202,2,108858
1203,2,108931
1204,2,108931
1205,2,108931
1206,2,108931
1207,2,108931
1208,2,109471
1209,2,109471
1210,2,109471
1211,2,109471
1212,2,109471
1213,2,109471
1214,2,109769
1215,2,109769
1216,2,109769
1217,2,109769
1218,2,109769
1219,2,109898
1220,2,109898
1221,2,109898
1230,2,110993
1231,2,110993
1232,2,110993
1233,2,111075
1234,2,111075
1235,2,111075
1236,2,111075
1237,2,111075
1238,2,111125
1239,2,111125
1240,2,111125
1241,2,111125
1242,2,111785
1243,2,111785
1244,2,111785
1245,2,111785
1246,2,112074
1247,2,112074
1248,2,112074
1249,2,112074
1250,2,112074
1251,2,112649
1252,2,112649
1253,2,112649
1254,2,112649
1255,2,112649
1256,2,112746
1257,2,112746
1258,2,112746
1259,2,112746
1260,2,112746
1261,2,112847
1262,2,112847
1263,2,112847
1264,2,112847
1265,2,112847
1266,2,113274
1267,2,113274
1268,2,113274
1269,2,113274
1273,2,114040
1274,2,114040
1275,2,114040
1276,2,114361
1277,2,114361
1278,2,114361
1279,2,114094
1280,2,114094
1281,2,114094
1282,2,114094
1283,2,101029
1284,2,101029
1289,2,101305
1290,2,101305
1291,2,101305
1292,2,101305
1295,2,102648
1296,2,102648
1297,2,102648
1298,2,102648
1299,2,102648
1300,2,102648
1301,2,103046
1302,2,103046
1303,2,103046
1304,2,103257
1305,2,103257
1306,2,103257
1307,2,103257
1308,2,103257
1309,2,103257
1317,2,103582
1318,2,103582
1319,2,103582
1320,2,103582
1321,2,103582
1322,2,103582
1323,2,103670
1324,2,103670
1325,2,103670
1326,2,103671
1327,2,103671
1328,2,103671
1329,2,103671
1330,2,103731
1331,2,103731
1332,2,103731
1333,2,103731
1334,2,103731
1335,2,103731
1336,2,103731
1337,2,103731
1338,2,103731
1339,2,103731
1348,2,104019
1349,2,104019
1350,2,104019
1351,2,104019
1369,2,104912
1370,2,104912
1371,2,104912
1372,2,104912
1373,2,104912
1374,2,105187
1375,2,105187
1376,2,105187
1377,2,105187
1378,2,105475
1379,2,105475
1380,2,105538
1381,2,105538
1382,2,105538
1383,2,105638
1384,2,105638
1385,2,105638
1404,2,97481
1405,2,97481
1406,2,97481
1407,2,97481
1408,2,97599
1409,2,97599
1410,2,97890
1411,2,97890
1412,2,97890
1413,2,97890
1414,2,98472
1415,2,98472
1416,2,98472
1417,2,98472
1418,2,98472
1419,2,98472
1420,2,98472
1424,2,98871
1425,2,98871
1426,2,98871
1427,2,98871
1428,2,98871
1429,2,98871
1456,2,101017
1457,2,101017
1458,2,101017
1459,2,101017
1460,2,101017
1461,2,101017
1462,2,101029
1463,2,101029
1464,2,101029
1465,2,101029
1466,2,101029
1467,2,101029
1472,2,101305
1473,2,101305
1474,2,101305
1475,2,101305
1476,2,101305
1477,2,101305
1478,2,101305
1479,2,101305
1483,2,102648
1484,2,102648
1485,2,102648
1486,2,102648
1487,2,102669
1488,2,102669
1489,2,103046
1490,2,103046
1491,2,103046
1492,2,103046
1493,2,103257
1494,2,103257
1495,2,103257
1496,2,103257
1497,2,103257
1506,2,103582
1507,2,103582
1508,2,103582
1509,2,103582
1510,2,103582
1511,2,103670
1512,2,103670
1513,2,103670
1514,2,103670
1515,2,103671
1516,2,103671
1517,2,103671
1518,2,103671
1519,2,103671
1520,2,103671
1521,2,103731
1522,2,103731
1523,2,103731
1524,2,103731
1525,2,103731
1526,2,103731
1527,2,103731
1533,2,104019
1534,2,104019
1535,2,104019
1536,2,104019
1537,2,104019
1552,2,104912
1553,2,104912
1554,2,104912
1555,2,104912
1556,2,104912
1557,2,105187
1558,2,105187
1559,2,105187
1560,2,105187
1561,2,105187
1562,2,105187
1563,2,105475
1564,2,105475
1565,2,105475
1566,2,105538
1567,2,105538
1568,2,105638
1569,2,105638
1570,2,105638
1571,2,105638
1572,2,105638
1589,2,97481
1590,2,97481
1591,2,97481
1592,2,97481
1593,2,97481
1594,2,97599
1595,2,97599
1596,2,97890
1597,2,97890
1598,2,97890
1599,2,97890
1600,2,98472
1601,2,98472
1602,2,98472
1603,2,98472
1604,2,98472
1609,2,98871
1610,2,98871
1611,2,98871
1612,2,98871
1613,2,98871
1614,2,98871
1615,2,98871
1640,2,101017
1641,2,101017
1642,2,101017
1643,2,101017
1644,2,101029
1645,2,101029
1646,2,101029
1647,2,101029
1648,2,101029
1649,2,101029
1650,2,101029
1655,2,101305
1656,2,101305
1657,2,101305
1658,2,101305
1665,2,102648
1666,2,102648
1667,2,102648
1668,2,102648
1669,2,102648
1670,2,102648
1671,2,102648
1672,2,102669
1673,2,103046
1674,2,103046
1675,2,103046
1676,2,103046
1677,2,103257
1678,2,103257
1679,2,103257
1680,2,103257
1681,2,103257
1682,2,103257
1683,2,103257
1692,2,103582
1693,2,103582
1694,2,103582
1695,2,103582
1696,2,103582
1697,2,103582
1698,2,103582
1699,2,103582
1700,2,103670
1701,2,103670
1702,2,103670
1703,2,103670
1704,2,103671
1705,2,103671
1706,2,103671
1707,2,103671
1708,2,103671
1709,2,103731
1710,2,103731
1711,2,103731
1712,2,103731
1713,2,103731
1721,2,104019
1722,2,104019
1723,2,104019
1724,2,104019
1741,2,104912
1742,2,104912
1743,2,104912
1744,2,104912
1745,2,104912
1746,2,104912
1747,2,104912
1748,2,105187
1749,2,105187
1750,2,105187
1751,2,105187
1752,2,105187
1753,2,105187
1754,2,105475
1755,2,105475
1756,2,105475
1757,2,105475
1758,2,105475
1759,2,105538
1760,2,105538
1761,2,105638
1762,2,105638
1763,2,105638
1764,2,105638
1765,2,105638
1781,2,97481
1782,2,97481
1783,2,97481
1784,2,97481
1785,2,97481
1786,2,97599
1787,2,97599
1788,2,97599
1789,2,97890
1790,2,97890
1791,2,97890
1792,2,97890
1793,2,97890
1794,2,97890
1795,2,98472
1796,2,98472
1797,2,98472
1798,2,98472
1799,2,98472
1800,2,98472
1806,2,98871
1807,2,98871
1808,2,98871
1809,2,98871
1810,2,98871
1811,2,98871
1812,2,98871
1841,1,MR048294
1842,1,MR048294
1843,1,MR048294
1844,1,MR048294
1845,1,MR048294
1846,1,MR048294
1847,1,MR048294
1848,1,MR048294
1853,1,MR048294B
1854,1,MR048621B
1855,1,MR048621B
1856,1,MR048621B
1857,1,MR048621B
1858,1,MR048621B
1859,1,MR048621B
1860,1,MR048621B
1861,1,MR048621B
1870,1,MR048994
1871,1,MR048994
1872,1,MR048994
1873,1,MR048994
1874,1,MR048994
1875,1,MR048994
1876,1,MR048994
1877,1,MR048994
1878,1,MR048994
1879,1,MR049104
1880,1,MR049104
1881,1,MR049142
1882,1,MR049142
1883,1,MR049142
1884,1,MR049142
1885,1,MR048994B
1886,1,MR048994B
1887,1,MR048994B
1888,1,MR048994B
1889,1,MR048994B
1890,1,MR048994B
1891,1,MR048994B
1892,1,MR048994B
1899,1,MR049358
1900,1,MR049358
1901,1,MR049358
1902,1,MR049358
1903,1,MR049358
1904,1,MR049358
1905,1,MR049358
1906,1,MR049358
1907,1,MR049358
1908,1,MR049358
1909,1,MR049104B
1910,1,MR049104B
1911,1,MR049104B
1912,1,MR049104B
1913,1,MR049104B
1914,1,MR049453
1915,1,MR049453
1916,1,MR049453
1917,1,MR049453
1918,1,MR049453
1919,1,MR049453
1920,1,MR049453
1937,1,MR049453B
1938,1,MR049453B
1939,1,MR049453B
1940,1,MR049453B
1941,1,MR049453B
1942,1,MR049453B
1943,1,MR049453B
1944,1,MR049453B
1945,1,MR048294B
1946,1,MR048294B
1947,1,MR048294B
1948,1,MR048621B
1949,1,MR048621B
1964,1,MR050687
1965,1,MR050687
1966,1,MR050687
1967,1,MR050687
1968,1,MR050687
1969,1,MR050687
1970,1,MR050687
1971,1,MR050687
1972,1,MR050687
1973,1,MR050687
1984,1,MR049019C
1985,1,MR049019C
1986,1,MR049019C
1987,1,MR026175C
1988,1,MR026175C
1989,1,MR026175C
1990,1,MR026175C
1991,1,MR026175C
1992,1,MR026175C
1993,1,MR026175C
1994,1,MR026175C
1995,1,MR026175C
1996,1,MR026175C
1997,1,MR026175C
1998,1,MR051461
1999,1,MR051461
2000,1,MR051461
2001,1,MR051461
2002,1,MR051461
2003,1,MR051461
2004,1,MR051461
2012,1,MR051461B
2013,1,MR051461B
2014,1,MR051461B
2015,1,MR051461B
2016,1,MR051461B
2017,1,MR051644
2018,1,MR051644
2019,1,MR051644
2020,1,MR051644
2021,1,MR051644
2022,1,MR051644
2023,1,MR051644
2024,1,MR051644
2025,1,MR051644
2026,1,MR051644
2027,1,MR051644
2028,1,MR051644
2029,1,MR051644
2030,1,MR051644
2031,1,MR051644
2032,1,MR051651
2033,1,MR051651
2034,1,MR051651
2035,1,MR051651
2036,1,MR051651
2037,1,MR051651
2038,1,MR051796
2039,1,MR051796
2040,1,MR051796
2041,1,MR051796
2042,1,MR051796
2043,1,MR051796
2044,1,MR051796
2045,1,MR051651B
2046,1,MR051651B
2047,1,MR051651B
2048,1,MR051651B
2049,1,MR051651B
2050,1,MR051651B
2051,1,MR051644B
2052,1,MR051644B
2053,1,MR051644B
2054,1,MR051644B
2055,1,MR051644B
2056,1,MR051644B
2057,1,MR051644B
2061,1,MR052550
2062,1,MR052550
2063,1,MR052550
2064,1,MR052550
2077,1,MR049942B
2078,1,MR049942B
2079,1,MR049942B
2080,1,MR052585B
2081,1,MR052585B
2082,1,MR052585B
2083,1,MR047953C
2084,1,MR047953C
2085,1,MR047953C
2086,1,MR047953C
2087,1,MR053110B
2088,1,MR053110B
2089,1,MR053110B
2090,1,MR053110B
2091,1,MR053110B
2092,1,MR053110B
2093,1,MR034694
2094,1,MR034694
2095,1,MR034694
2096,1,MR034694
2097,1,MR054683
2098,1,MR054683
2099,1,MR054683
2104,1,MR050687C
2105,1,MR050687C
2106,1,MR050687C
2107,1,MR050687C
2108,1,MR050687C
2109,1,MR056144
2110,1,MR056144
2111,1,MR056144
2128,1,MR053110E
2129,1,MR053110E
2130,1,MR053110E
2131,1,MR053110E
2132,1,MR053110E
2133,1,MR053110E
2134,1,MR049019G
2135,1,MR049019G
2136,1,MR049019G
2137,1,MR049019G
2138,1,MR049019G
2139,1,MR049019G
2140,1,MR049019G
2141,1,MR031409B
2142,1,MR031409B
2143,1,MR031409B
2144,1,MR024780D
2145,1,MR024780D
2146,1,MR038469
2147,1,MR038469
2148,1,MR038469
2149,1,MR038469
2150,1,MR038469
2151,1,MR038469
2152,1,MR038469
2166,1,MR037458B
2167,1,MR037458B
2168,1,MR037458B
2169,1,MR037458B
2170,1,MR037458B
2171,1,MR037458B
2172,1,MR037458B
2173,1,MR037458B
2174,1,MR039473
2175,1,MR039473
2176,1,MR039473
2177,1,MR039473
2178,1,MR039473
2179,1,MR039473B
2180,1,MR039473B
2181,1,MR039473B
2182,1,MR039473B
2183,1,MR039473B
2184,1,MR039473B
2185,1,MR039473B
2186,1,MR037458C
2187,1,MR037458C
2188,1,MR037458C
2189,1,MR037458C
2190,1,MR037458C
2191,1,MR037458C
2192,1,MR037458C
2193,1,MR037458C
2194,1,MR037458C
2195,1,MR037458C
2216,1,MR029209G
2217,1,MR029209G
2218,1,MR029209G
2219,1,MR029209G
2220,1,MR029209G
2221,1,MR029209G
2222,1,MR029209G
2223,1,MR029209G
2224,1,MR036496B
2225,1,MR036496B
2226,1,MR036496B
2227,1,MR036496B
2228,1,MR036496B
2229,1,MR036496B
2230,1,MR033420
2231,1,MR033420
2232,1,MR033420
2233,1,MR033420
2234,1,MR033420
2235,1,MR033420
2236,1,MR033420
2237,1,MR024780B
2238,1,MR024780B
2239,1,MR024780B
2240,1,MR024780B
2241,1,MR033389B
2242,1,MR048994
2243,1,MR048994
2244,1,MR049104
2245,1,MR049104
2246,1,MR049104
2247,1,MR049142
2248,1,MR049142
2249,1,MR049142
2250,1,MR048994B
2251,1,MR048994B
2252,1,MR048994B
2253,1,MR048994B
2261,1,MR049358
2262,1,MR049358
2263,1,MR049358
2264,1,MR049358
2265,1,MR049358
2266,1,MR049358
2267,1,MR049358
2268,1,MR049358
2269,1,MR049358
2270,1,MR049453
2271,1,MR049453
2272,1,MR049453
2273,1,MR049453
2274,1,MR049453
2275,1,MR049453
2276,1,MR049453
2277,1,MR049453
2278,1,MR049453
2286,1,MR049453B
2287,1,MR049453B
2288,1,MR049453B
2289,1,MR049453B
2290,1,MR049453B
2291,1,MR049453B
2292,1,MR049453B
2293,1,MR049453B
2294,1,MR049453B
2295,1,MR049453B
2296,1,MR049453B
2297,1,MR049453B
2298,1,MR049453B
2299,1,MR049453B
2311,1,MR050687
2312,1,MR050687
2313,1,MR050687
2314,1,MR050687
2315,1,MR050687
2316,1,MR050687
2321,1,MR049019C
2322,1,MR049019C
2323,1,MR049019C
2324,1,MR049019C
2325,1,MR049019C
2326,1,MR026175C
2327,1,MR026175C
2328,1,MR026175C
2329,1,MR026175C
2330,1,MR026175C
2331,1,MR026175C
2332,1,MR026175C
2333,1,MR051461
2334,1,MR051461
2335,1,MR051461
2336,1,MR051461
2337,1,MR051461
2338,1,MR051461
2339,1,MR051461
2340,1,MR051461
2341,1,MR051461
2344,1,MR033389B
2345,1,MR033389B
2346,1,MR033389B
2347,1,MR033389B
2348,1,MR033389B
2362,1,MR040240C
2363,1,MR040240C
2364,1,MR040240C
2365,1,MR040240C
2366,1,MR040240C
2367,1,MR040240C
2368,1,MR040240C
2369,1,MR040240C
2370,1,MR040240C
2371,1,MR040240C
2372,1,MR040240C
2373,1,MR040240D
2374,1,MR040240D
2375,1,MR040240D
2376,1,MR040240D
2377,1,MR040240D
2378,1,MR040240D
2379,1,MR040240D
2380,1,MR040240D
2381,1,MR040240D
2382,1,MR040240D
2383,1,MR040240D
2384,1,MR017260F
2385,1,MR017260F
2386,1,MR017260F
2387,1,MR017260F
2388,1,MR017260F
2389,1,MR017260F
2390,1,MR017260F
2391,1,MR017260F
2392,1,MR017260F
2393,1,MR017260F
2403,1,MR048294
2404,1,MR048294
2405,1,MR048294
2406,1,MR048294
2407,1,MR048294
2408,1,MR048294
2409,1,MR048294
2415,1,MR048294B
2416,1,MR048294B
2417,1,MR048294B
2418,1,MR048294B
2419,1,MR048294B
2420,1,MR048621B
2421,1,MR048621B
2422,1,MR048621B
2423,1,MR048621B
2424,1,MR048621B
2425,1,MR048621B
2435,1,MR048994
2436,1,MR048994
2437,1,MR048994
2438,1,MR048994
2439,1,MR048994
2440,1,MR048994
2441,1,MR048994
2442,1,MR037458C
2463,1,MR029209G
2464,1,MR029209G
2465,1,MR029209G
2466,1,MR029209G
2467,1,MR029209G
2468,1,MR029209G
2469,1,MR029209G
2470,1,MR036496B
2471,1,MR036496B
2472,1,MR036496B
2473,1,MR036496B
2474,1,MR036496B
2475,1,MR036496B
2476,1,MR033420
2477,1,MR033420
2478,1,MR033420
2479,1,MR033420
2480,1,MR033420
2481,1,MR033420
2482,1,MR033420
2483,1,MR033420
2484,1,MR033420
2485,1,MR033420
2486,1,MR033420
2487,1,MR033389B
2488,1,MR033389B
2489,1,MR033389B
2490,1,MR033389B
2491,1,MR033389B
2492,1,MR033389B
2493,1,MR033389B
2494,1,MR033389B
2495,1,MR033389B
2509,1,MR040240C
2510,1,MR040240C
2511,1,MR040240C
2512,1,MR040240C
2513,1,MR040240C
2514,1,MR040240C
2515,1,MR040240C
2516,1,MR040240C
2517,1,MR040240C
2518,1,MR040240C
2519,1,MR040240C
2520,1,MR040240C
2521,1,MR040240C
2522,1,MR040240C
2523,1,MR040240C
2524,1,MR017260F
2525,1,MR017260F
2526,1,MR017260F
2527,1,MR017260F
2528,1,MR017260F
2529,1,MR017260F
2540,1,MR048294
2541,1,MR048294
2542,1,MR048294
2543,1,MR048294
2544,1,MR048294
2545,1,MR048294
2550,1,MR051461B
2551,1,MR051461B
2552,1,MR051461B
2553,1,MR051461B
2554,1,MR051644
2555,1,MR051644
2556,1,MR051644
2557,1,MR051644
2558,1,MR051644
2559,1,MR051644
2560,1,MR051644
2561,1,MR051644
2562,1,MR051644
2563,1,MR051644
2564,1,MR051644
2565,1,MR051644
2566,1,MR051651
2567,1,MR051651
2568,1,MR051651
2569,1,MR051651
2570,1,MR051651
2571,1,MR051651
2572,1,MR051651
2573,1,MR051796
2574,1,MR051796
2575,1,MR051796
2576,1,MR051796
2577,1,MR051796
2578,1,MR051796
2579,1,MR051651B
2580,1,MR051651B
2581,1,MR051651B
2582,1,MR051651B
2583,1,MR051651B
2584,1,MR051651B
2585,1,MR051651B
2589,1,MR052550
2590,1,MR052550
2591,1,MR052550
2592,1,MR052550
2593,1,MR052550
2594,1,MR052550
2608,1,MR049942B
2609,1,MR049942B
2610,1,MR049942B
2611,1,MR049942B
2612,1,MR047953C
2613,1,MR047953C
2614,1,MR047953C
2615,1,MR047953C
2616,1,MR047953C
2617,1,MR053110B
2618,1,MR053110B
2619,1,MR053110B
2620,1,MR053110B
2621,1,MR053110B
2622,1,MR053110B
2623,1,MR053110B
2624,1,MR034694
2625,1,MR034694
2626,1,MR034694
2627,1,MR034694
2628,1,MR034694
2629,1,MR034694
2630,1,MR034694
2631,1,MR054683
2632,1,MR054683
2633,1,MR054683
2634,1,MR050687C
2635,1,MR050687C
2636,1,MR050687C
2637,1,MR050687C
2638,1,MR050687C
2639,1,MR050687C
2640,1,MR050687C
2646,1,MR053241C
2647,1,MR053241C
2648,1,MR053241C
2649,1,MR053241C
2664,1,MR053110E
2665,1,MR053110E
2666,1,MR053110E
2667,1,MR053110E
2668,1,MR053110E
2669,1,MR053110E
2670,1,MR053110E
2671,1,MR053110E
2672,1,MR053110E
2673,1,MR053110E
2674,1,MR053110E
2675,1,MR049019G
2676,1,MR049019G
2677,1,MR049019G
2678,1,MR031409B
2679,1,MR031409B
2680,1,MR024780D
2681,1,MR024780D
2682,1,MR038469
2683,1,MR038469
2684,1,MR038469
2685,1,MR038469
2686,1,MR038469
2687,1,MR038469
2702,1,MR037458B
2703,1,MR037458B
2704,1,MR037458B
2705,1,MR037458B
2706,1,MR037458B
2707,1,MR037458B
2708,1,MR037458B
2709,1,MR037458B
2710,1,MR039473
2711,1,MR039473
2712,1,MR039473
2713,1,MR039473
2714,1,MR039473B
2715,1,MR039473B
2716,1,MR039473B
2717,1,MR039473B
2718,1,MR039473B
2719,1,MR039473B
2720,1,MR039473B
2721,1,MR039473B
2722,1,MR039473B
2723,1,MR037458C
2724,1,MR037458C
2725,1,MR037458C
2726,1,MR037458C
2727,1,MR037458C
2728,1,MR037458C
2729,1,MR037458C
2730,1,MR037458C
2738,1,MR053110E
2739,1,MR053110E
2740,1,MR053110E
2741,1,MR053110E
2742,1,MR053110E
2743,1,MR049019G
2744,1,MR049019G
2745,1,MR049019G
2746,1,MR049019G
2747,1,MR049019G
2748,1,MR031409B
2749,1,MR031409B
2750,1,MR024780D
2751,1,MR024780D
2752,1,MR024780D
2753,1,MR038469
2754,1,MR038469
2755,1,MR038469
2756,1,MR038469
2757,1,MR038469
2769,1,MR037458B
2770,1,MR037458B
2771,1,MR037458B
2772,1,MR037458B
2773,1,MR037458B
2774,1,MR039473
2775,1,MR039473
2776,1,MR039473
2777,1,MR039473
2778,1,MR039473
2779,1,MR039473
2780,1,MR039473B
2781,1,MR039473B
2782,1,MR039473B
2783,1,MR039473B
2784,1,MR039473B
2785,1,MR039473B
2786,1,MR039473B
2800,1,MR029209G
2801,1,MR029209G
2802,1,MR029209G
2803,1,MR029209G
2804,1,MR029209G
2805,1,MR036496B
2806,1,MR036496B
2807,1,MR036496B
2808,1,MR036496B
2809,1,MR033420
2810,1,MR033420
2811,1,MR033420
2812,1,MR033420
2813,1,MR033420
2814,1,MR033420
2815,1,MR033420
2816,1,MR033420
2817,1,MR024780B
2818,1,MR024780B
2819,1,MR024780B
2820,1,MR024780B
2821,1,MR033389B
2822,1,MR048294
2831,1,MR048294B
2832,1,MR048294B
2833,1,MR048294B
2834,1,MR048294B
2835,1,MR048294B
2836,1,MR048294B
2837,1,MR048621B
2838,1,MR048621B
2839,1,MR048621B
2846,1,MR048994
2847,1,MR048994
2848,1,MR048994
2849,1,MR048994
2850,1,MR048994
2851,1,MR048994
2852,1,MR048994
2853,1,MR048994
2854,1,MR049104
2855,1,MR049104
2856,1,MR049104
2857,1,MR049104
2858,1,MR049142
2859,1,MR049142
2860,1,MR049142
2861,1,MR048994B
2862,1,MR048994B
2863,1,MR048994B
2864,1,MR048994B
2865,1,MR048994B
2866,1,MR049358
2867,1,MR049358
2868,1,MR049358
2869,1,MR049358
2870,1,MR049358
2871,1,MR049358
2872,1,MR049358
2873,1,MR049104B
2874,1,MR049104B
2875,1,MR049104B
2876,1,MR049453
2877,1,MR049453
2878,1,MR049453
2879,1,MR049453
2880,1,MR049453
2881,1,MR049453
2882,1,MR049453
2883,1,MR049453
2884,1,MR049453
2900,1,MR050687
2901,1,MR050687
2902,1,MR050687
2903,1,MR050687
2904,1,MR050687
2905,1,MR050687
2914,1,MR049019C
2915,1,MR049019C
2916,1,MR049019C
2917,1,MR049019C
2918,1,MR051461
2919,1,MR051461
2920,1,MR051461
2921,1,MR051461
2922,1,MR051461
2923,1,MR051461
2924,1,MR051461
2934,1,MR051644
2935,1,MR051644
2936,1,MR051644
2937,1,MR051644
2938,1,MR051644
2939,1,MR051644
2940,1,MR051644
2941,1,MR051644
2942,1,MR051644
2943,1,MR051644
2944,1,MR051651
2945,1,MR051651
2946,1,MR051651
2947,1,MR051651
2948,1,MR051796
2949,1,MR051796
2950,1,MR051796
2951,1,MR051796
2952,1,MR051796
2953,1,MR051796
2954,1,MR051796
2955,1,MR051651B
2956,1,MR051651B
2957,1,MR051651B
2958,1,MR051651B
2959,1,MR051651B
2960,1,MR051651B
2961,1,MR051644B
2962,1,MR051644B
2963,1,MR051644B
2964,1,MR051644B
2965,1,MR051644B
2966,1,MR051644B
2967,1,MR051644B
2968,1,MR051644B
2969,1,MR051644B
2975,1,MR052550
2976,1,MR052550
2977,1,MR052550
2978,1,MR052550
2979,1,MR052550
2980,1,MR052550
2981,1,MR052550
2982,1,MR052550
2993,1,MR049942B
2994,1,MR049942B
2995,1,MR049942B
2996,1,MR052585B
2997,1,MR052585B
2998,1,MR052585B
2999,1,MR053110B
3000,1,MR053110B
3001,1,MR053110B
3002,1,MR053110B
3003,1,MR053110B
3004,1,MR053110B
3005,1,MR034694
3006,1,MR034694
3007,1,MR034694
3008,1,MR034694
3014,1,MR050687C
3015,1,MR050687C
3016,1,MR050687C
3017,1,MR050687C
3018,1,MR050687C
3019,1,MR050687C
3020,1,MR056144
3021,1,MR056144
3030,0,53669
3031,1,MR033389B
3032,1,MR033389B
3033,1,MR033389B
3034,1,MR033389B
3035,1,MR033389B
3036,1,MR033389B
3037,1,MR033389B
3038,1,MR033389B
3042,1,MR040240C
3043,1,MR040240C
3044,1,MR040240C
3045,1,MR040240C
3046,1,MR040240C
3047,1,MR040240D
3048,1,MR040240D
3049,1,MR017260F
3050,1,MR017260F
3051,1,MR017260F
3052,1,MR017260F
3053,1,MR017260F
3054,1,MR017260F
3055,1,MR017260F
3063,0,95969
3064,0,88510
